{
    "ACCURACY": 0.94,
    "PRECISION": 0.8846153846153846,
    "RECALL": 1.0,
    "F1_SCORE": 0.9387755102040816
}